OID_;ID;x_coord;y_coord;xy_coord;RASTERVALU;b1_ms170_1;b2_ms170_1;b3_ms170_1;b4_ms170_1;b1_ms1707s1_interp;b2_ms1707s1_interp;b3_ms1707s1_interp;b4_ms1707s1_interp,,,,,,
1;1;30,068124995600002;-22,330583328900001;30.06812499555571 -22.330583328889173;346;346;314;296;461;358,4926453;326,7426453;311,9910278;479,7394409
2;2;30,068138884400000;-22,330583328900001;30.068138884444597 -22.330583328889173;356;356;325;312;482;367,2445679;336,2445679;326,7426453;498,9916687
3;3;30,068152773300000;-22,330583328900001;30.068152773333487 -22.330583328889173;371;371;341;336;512;377,7477722;348,2474365;346,4958496;523,4955444
4;4;30,068166662199999;-22,330583328900001;30.068166662222374 -22.330583328889173;389;389;361;366;548;385,5022278;358,2515869;364,0009460;545,15869
5;5;30,068180551099999;-22,330583328900001;30.068180551111265 -22.330583328889173;393;393;367;378;563;389,0009460;363,5006409;375,7493591;559,2496948
6;6;30,068194439999999;-22,330583328900001;30.068194440000152 -22.330583328889173;391;391;366;382;567;391,2480774;367,7467957;385,7452087;569,9948730
7;7;30,068208328899999;-22,330583328900001;30.068208328889042 -22.330583328889173;387;387;364;384;566;398,4929504;378,7410278;401,7388000;585,4878540
8;8;30,068124995600002;-22,330597217800001;30.06812499555571 -22.33059721777806;363;363;331;316;482;372,4958496;340,7458496;328,9939270;495,7442322
9;9;30,068138884400000;-22,330597217800001;30.068138884444597 -22.33059721777806;369;369;337;324;494;372,7487183;341,2484131;332,4961548;501,2471313
10;10;30,068152773300000;-22,330597217800001;30.068152773333487 -22.33059721777806;373;373;342;335;508;375,2487183;345,4977722;342,2455139;513,9964600
11;11;30,068166662199999;-22,330597217800001;30.068166662222374 -22.33059721777806;378;378;349;349;526;382,9945679;356,2429504;360,4897766;536,7394409
12;12;30,068180551099999;-22,330597217800001;30.068180551111265 -22.33059721777806;382;382;356;363;543;395,2397766;371,4878540;384,7333679;566,7314453
13;13;30,068194439999999;-22,330597217800001;30.068194440000152 -22.33059721777806;390;390;365;380;564;405,9894409;385,4865723;406,4827271;592,4814453
14;14;30,068208328899999;-22,330597217800001;30.068208328889042 -22.33059721777806;397;397;376;397;583;412,7420044;395,9894409;422,2365723;608,2368774
15;15;30,068124995600002;-22,330611106700001;30.06812499555571 -22.33061110666695;382;382;351;341;507;378,5025635;346,7528687;337,5025635;499,5051270
16;16;30,068138884400000;-22,330611106700001;30.068138884444597 -22.33061110666695;376;376;344;335;500;374,2506409;342,7503052;335,4990540;498,6409
17;17;30,068152773300000;-22,330611106700001;30.068152773333487 -22.33061110666695;373;373;342;336;503;377,2461548;347,9948730;345,9920044;511,7423096
18;18;30,068166662199999;-22,330611106700001;30.068166662222374 -22.33061110666695;377;377;349;349;519;393,2375183;368,4849548;375,4801636;548,7272949
19;19;30,068180551099999;-22,330611106700001;30.068180551111265 -22.33061110666695;395;395;371;381;559;416,9846497;397,2317505;415,4763184;598,7224731
20;20;30,068194439999999;-22,330611106700001;30.068194440000152 -22.33061110666695;414;414;394;415;601;430,2413635;414,4888000;440,7359314;629,2346191
21;21;30,068208328899999;-22,330611106700001;30.068208328889042 -22.33061110666695;423;423;407;434;622;427,7493591;414,7477722;443,9967957;629,9990234
22;22;30,068138884400000;-22,330583328900001;30.068138884444597 -22.330583328889173;356;356;325;312;482;367,2445679;336,2445679;326,7426453;498,9916687
23;23;30,068152773300000;-22,330583328900001;30.068152773333487 -22.330583328889173;371;371;341;336;512;377,7477722;348,2474365;346,4958496;523,4955444
24;24;30,068166662199999;-22,330583328900001;30.068166662222374 -22.330583328889173;389;389;361;366;548;385,5022278;358,2515869;364,0009460;545,15869
25;25;30,068180551099999;-22,330583328900001;30.068180551111265 -22.330583328889173;393;393;367;378;563;389,0009460;363,5006409;375,7493591;559,2496948
26;26;30,068138884400000;-22,330597217800001;30.068138884444597 -22.33059721777806;369;369;337;324;494;372,7487183;341,2484131;332,4961548;501,2471313
27;27;30,068152773300000;-22,330597217800001;30.068152773333487 -22.33059721777806;373;373;342;335;508;375,2487183;345,4977722;342,2455139;513,9964600
28;28;30,068166662199999;-22,330597217800001;30.068166662222374 -22.33059721777806;378;378;349;349;526;382,9945679;356,2429504;360,4897766;536,7394409
29;29;30,068180551099999;-22,330597217800001;30.068180551111265 -22.33059721777806;382;382;356;363;543;395,2397766;371,4878540;384,7333679;566,7314453
30;30;30,068138884400000;-22,330611106700001;30.068138884444597 -22.33061110666695;376;376;344;335;500;374,2506409;342,7503052;335,4990540;498,6409
31;31;30,068152773300000;-22,330611106700001;30.068152773333487 -22.33061110666695;373;373;342;336;503;377,2461548;347,9948730;345,9920044;511,7423096
32;32;30,068166662199999;-22,330611106700001;30.068166662222374 -22.33061110666695;377;377;349;349;519;393,2375183;368,4849548;375,4801636;548,7272949
33;33;30,068180551099999;-22,330611106700001;30.068180551111265 -22.33061110666695;395;395;371;381;559;416,9846497;397,2317505;415,4763184;598,7224731
34;34;30,068138884400000;-22,330624995600001;30.068138884444597 -22.33062499555584;374;374;342;333;491;369,0028687;337,0025635;329,2519226;483,7541504
35;35;30,068152773300000;-22,330624995600001;30.068152773333487 -22.33062499555584;374;374;343;338;498;375,4987183;346,4974365;344,7452087;503,4958496
36;36;30,068166662199999;-22,330624995600001;30.068166662222374 -22.33062499555584;385;385;358;361;527;397,2420044;373,7397461;382,2362366;550,7346191
37;37;30,068180551099999;-22,330624995600001;30.068180551111265 -22.33062499555584;416;416;396;411;590;425,4945679;408,4923096;428,4894409;608,9884644
38;38;30,068138884400000;-22,330638884399999;30.068138884444597 -22.330638884444728;363;363;329;319;468;353,0067139;319,2567139;309,2567139;453,2599182
39;39;30,068152773300000;-22,330638884399999;30.068152773333487 -22.330638884444728;365;365;334;327;478;357,5064087;327,2557678;322,0054321;470,76904
40;40;30,068166662199999;-22,330638884399999;30.068166662222374 -22.330638884444728;378;378;351;353;511;374,7538452;350,0025635;353,5019226;510,35095
41;41;30,068180551099999;-22,330638884399999;30.068180551111265 -22.330638884444728;410;410;390;404;575;398,0086365;379,7576904;393,2583313;560,2611694
42;42;30,068138884400000;-22,330652773299999;30.068138884444597 -22.330652773333618;342;342;306;293;430;335,7538452;300,0035095;288,5025635;422,7541504
43;43;30,068152773300000;-22,330652773299999;30.068152773333487 -22.330652773333618;342;342;308;298;437;340,4990540;308,9971313;301,4952087;440,4945679
44;44;30,068166662199999;-22,330652773299999;30.068166662222374 -22.330652773333618;345;345;316;310;454;356,7416687;331,4891357;331,4852905;478,7330322
45;45;30,068180551099999;-22,330652773299999;30.068180551111265 -22.330652773333618;366;366;343;347;500;378,2413635;359,2388000;368,4852905;525,2327271
46;46;30,068111106700002;-22,330805551099999;30.06811110666682 -22.330805551111396;374;374;345;357;527;370,2557678;341,5057678;357,2544861;530,7531738
47;47;30,068124995600002;-22,330805551099999;30.06812499555571 -22.330805551111396;385;385;358;380;563;381,2512817;355,0009460;379,9987183;566,9955444
48;48;30,068138884400000;-22,330805551099999;30.068138884444597 -22.330805551111396;403;403;380;413;611;395,2532043;372,0032043;405,7522278;603,22583
49;49;30,068152773300000;-22,330805551099999;30.068152773333487 -22.330805551111396;404;404;383;420;620;392,7557678;371,5054321;407,0060730;601,95825
50;50;30,068111106700002;-22,330819439999999;30.06811110666682 -22.330819440000287;366;366;336;349;516;358,2551270;328,2551270;342,5041504;511,32043
51;51;30,068124995600002;-22,330819439999999;30.06812499555571 -22.330819440000287;356;356;327;343;517;364,9945679;336,9939270;359,2400818;540,4855957
52;52;30,068138884400000;-22,330819439999999;30.068138884444597 -22.330819440000287;381;381;355;384;577;384,4967957;359,7458496;391,9935913;585,4929810
53;53;30,068152773300000;-22,330819439999999;30.068152773333487 -22.330819440000287;393;393;370;406;604;392,2480774;370,7471313;407,2461548;600,4984131
54;54;30,068111106700002;-22,330833328899999;30.06811110666682 -22.330833328889174;361;361;330;342;505;354,7528687;323,7528687;338,5009460;503,2493591
55;55;30,068124995600002;-22,330833328899999;30.06812499555571 -22.330833328889174;350;350;320;336;506;360,7442322;331,7435913;354,4894409;531,9849854
56;56;30,068138884400000;-22,330833328899999;30.068138884444597 -22.330833328889174;373;373;346;374;562;379,7455139;354,2445679;386,4920044;576,2407227
57;57;30,068152773300000;-22,330833328899999;30.068152773333487 -22.330833328889174;391;391;368;404;599;395,9948730;374,4935913;412,7416687;604,9929810
58;58;30,068013884399999;-22,327222217799999;30.068013884444596 -22.327222217778033;360;360;328;333;523;364,2477722;331,7480774;338,9964905;536,2420044
59;59;30,068027773299999;-22,327222217799999;30.068027773333487 -22.327222217778033;361;361;329;339;541;374,2420044;342,4920044;357,4888000;563,7362671
60;60;30,068041662199999;-22,327222217799999;30.068041662222374 -22.327222217778033;383;383;353;373;582;397,4920044;367,4920044;391,9894409;601,4894409
61;61;30,068055551099999;-22,327222217799999;30.068055551111264 -22.327222217778033;413;413;385;415;625;420,2458496;391,9961548;424,9942322;632,9958496
62;62;30,068069439999999;-22,327222217799999;30.06806944000015 -22.327222217778033;434;434;408;446;654;424,0041504;395,7551270;432,2554321;633,92773
63;63;30,068013884399999;-22,327236106699999;30.068013884444596 -22.327236106666923;369;369;336;340;533;369,2496948;335,2503052;341,4987183;540,4948730
64;64;30,068027773299999;-22,327236106699999;30.068027773333487 -22.327236106666923;367;367;334;344;548;377,7432861;344,4932861;358,7407227;566,4881592
65;65;30,068041662199999;-22,327236106699999;30.068041662222374 -22.327236106666923;386;386;354;374;584;396,7439270;364,9939270;388,2416687;597,9923096
66;66;30,068055551099999;-22,327236106699999;30.068055551111264 -22.327236106666923;408;408;378;406;615;414,2467957;383,9967957;414,9952087;621,4968262
67;67;30,068069439999999;-22,327236106699999;30.06806944000015 -22.327236106666923;426;426;397;433;638;422,7500000;393,2503357;429,4993591;630,18921
68;68;30,068013884399999;-22,327249995599999;30.068013884444596 -22.327249995555814;371;371;336;338;532;366,2512817;330,2515869;334,0000000;528,4990234
69;69;30,068027773299999;-22,327249995599999;30.068027773333487 -22.327249995555814;370;370;335;344;549;378,2442322;343,7439270;356,9907227;561,7407227
70;70;30,068041662199999;-22,327249995599999;30.068041662222374 -22.327249995555814;388;388;355;373;585;396,2448730;363,4945679;385,9920044;592,4955444
71;71;30,068055551099999;-22,327249995599999;30.068055551111264 -22.327249995555814;405;405;373;400;608;410,4967957;379,2464905;408,9945679;611,2484131
72;72;30,068069439999999;-22,327249995599999;30.06806944000015 -22.327249995555814;418;418;388;421;625;421,7467957;391,4967957;427,7445679;624,9984131
73;73;30,068013884399999;-22,327263884400001;30.068013884444596 -22.3272638844447;357;357;319;316;498;356,7487183;318,7487183;320,2452087;500,4958496
74;74;30,068027773299999;-22,327263884400001;30.068027773333487 -22.3272638844447;367;367;331;338;535;375,7435913;339,9932861;353,7388000;546,7410278
75;75;30,068041662199999;-22,327263884400001;30.068041662222374 -22.3272638844447;388;388;354;373;578;395,7448730;362,2445679;385,7416687;581,4974365
76;76;30,068055551099999;-22,327263884400001;30.068055551111264 -22.3272638844447;404;404;372;398;599;408,7474365;376,9971313;406,9948730;598,7506104
77;77;30,068069439999999;-22,327263884400001;30.06806944000015 -22.3272638844447;415;415;384;417;613;418,4987183;387,7487183;423,7471313;611,28687
78;78;30,068013884399999;-22,327277773300001;30.068013884444596 -22.32727777333359;342;342;302;296;458;351,7426453;312,7416687;314,2365723;477,9852905
79;79;30,068027773299999;-22,327277773300001;30.068027773333487 -22.32727777333359;361;361;323;331;511;376,2400818;339,9891357;355,7340088;533,7352905
80;80;30,068041662199999;-22,327277773300001;30.068041662222374 -22.32727777333359;387;387;352;373;563;396,9942322;363,2432861;388,7407227;570,7455444
81;81;30,068055551099999;-22,327277773300001;30.068055551111264 -22.32727777333359;404;404;371;399;586;407,2487183;375,2484131;405,9967957;584,5025635
82;82;30,068069439999999;-22,327277773300001;30.06806944000015 -22.32727777333359;412;412;381;414;597;412,0009460;380,7509460;415,5003052;589,64087
83;83;30,068722217800001;-22,327541662200002;30.068722217777935 -22.32754166222248;378;378;346;334;477;374,7515869;342,0019226;329,5019226;471,2528687
84;84;30,068736106700001;-22,327541662200002;30.068736106666826 -22.32754166222248;381;381;348;339;478;381,2480774;347,7480774;339,9971313;477,7474365
85;85;30,068749995600001;-22,327541662200002;30.068749995555713 -22.32754166222248;384;384;349;345;479;386,9977722;352,7474365;349,4967957;482,7474365
86;86;30,068763884399999;-22,327541662200002;30.068763884444603 -22.32754166222248;386;386;351;350;479;384,7519226;350,0019226;348,2525635;475,2541504
87;87;30,068777773299999;-22,327541662200002;30.06877777333349 -22.32754166222248;382;382;347;346;469;381,2484131;346,4980774;345,4977722;466,2487183
88;88;30,068722217800001;-22,327555551100001;30.068722217777935 -22.32755555111137;367;367;334;317;462;368,7493591;335,4996948;319,9990540;464,4996643
89;89;30,068736106700001;-22,327555551100001;30.068736106666826 -22.32755555111137;373;373;340;328;468;377,7471313;344,2474365;333,9961548;473,7467957
90;90;30,068749995600001;-22,327555551100001;30.068749995555713 -22.32755555111137;387;387;354;348;486;386,5003052;352,7506409;347,5003052;482,5022278
91;91;30,068763884399999;-22,327555551100001;30.068763884444603 -22.32755555111137;391;391;357;355;487;383,2547913;348,7551270;345,0060730;472,7589722
92;92;30,068777773299999;-22,327555551100001;30.06877777333349 -22.32755555111137;380;380;345;342;466;383,9958496;349,9948730;347,9939270;470,4942322
93;93;30,068722217800001;-22,327569440000001;30.068722217777935 -22.32756944000026;366;366;333;315;465;367,4990540;333,9993591;316,2490540;465,5000000
94;94;30,068736106700001;-22,327569440000001;30.068736106666826 -22.32756944000026;369;369;335;320;463;374,2474365;340,2474365;327,4961548;469,2474365
95;95;30,068749995600001;-22,327569440000001;30.068749995555713 -22.32756944000026;382;382;348;340;478;380,0022278;346,0022278;337,7525635;472,7547913
96;96;30,068763884399999;-22,327569440000001;30.068763884444603 -22.32756944000026;386;386;352;347;479;375,5067139;341,0070496;334,0083313;460,7618408
97;97;30,068777773299999;-22,327569440000001;30.06877777333349 -22.32756944000026;376;376;341;336;459;379,4974365;345,7467957;341,4961548;463,2471313
98;98;30,068722217800001;-22,327583328900001;30.068722217777935 -22.327583328889148;366;366;333;312;469;365,9996948;332,2500000;312,7490540;466,2512817
99;99;30,068736106700001;-22,327583328900001;30.068736106666826 -22.327583328889148;369;369;335;318;465;371,4987183;337,4987183;322,7474365;466,9993591
100;100;30,068749995600001;-22,327583328900001;30.068749995555713 -22.327583328889148;377;377;343;332;471;374,7509460;340,7509460;330,2503357;465,7528687
101;101;30,068763884399999;-22,327583328900001;30.068763884444603 -22.327583328889148;375;375;341;332;463;371,2512817;337,2509460;328,2509460;455,32043
102;102;30,068777773299999;-22,327583328900001;30.06877777333349 -22.327583328889148;365;365;330;321;442;377,2423096;343,9913635;337,9894409;459,9888000
103;103;30,068722217800001;-22,327597217800001;30.068722217777935 -22.327597217778038;362;362;328;306;466;360,0006409;326,0006409;305,2496948;460,7525635
104;104;30,068736106700001;-22,327597217800001;30.068736106666826 -22.327597217778038;367;367;333;315;465;367,7487183;333,9984131;318,2467957;464,2493591
105;105;30,068749995600001;-22,327597217800001;30.068749995555713 -22.327597217778038;373;373;339;326;467;374,9971313;341,7464905;330,9948730;468,4964905
106;106;30,068763884399999;-22,327597217800001;30.068763884444603 -22.327597217778038;374;374;340;331;462;379,4945679;347,2432861;339,7416687;470,2416687
107;107;30,068777773299999;-22,327597217800001;30.06877777333349 -22.327597217778038;371;371;338;329;453;387,4910278;356,4897461;352,4868774;478,7359314
108;108;30,085763884399999;-22,311569440000000;30.085763884444738 -22.31156944000013;385;385;373;415;539;375,2560730;359,5083313;393,0134277;516,140991
109;109;30,085777773299998;-22,311569440000000;30.08577777333363 -22.31156944000013;384;384;372;409;534;377,7509766;362,0028687;392,7560730;517,57373
110;110;30,085791662199998;-22,311569440000000;30.085791662222515 -22.31156944000013;380;380;366;399;523;376,2525635;359,5041504;386,5076904;511,73547
111;111;30,085805551100002;-22,311569440000000;30.085805551111406 -22.31156944000013;372;372;356;382;505;365,5054321;347,2567139;368,5099182;490,5112000
112;112;30,085763884399999;-22,311583328899999;30.085763884444738 -22.31158332888902;366;366;346;375;496;358,7538452;337,0047913;360,5079956;480,5086365
113;113;30,085777773299998;-22,311583328899999;30.08577777333363 -22.31158332888902;366;366;347;373;495;371,2442322;351,2445679;375,2452087;498,9932861
114;114;30,085791662199998;-22,311583328899999;30.085791662222515 -22.31158332888902;381;381;363;390;516;378,2515869;359,0022278;382,2544861;508,5044861
115;115;30,085805551100002;-22,311583328899999;30.085805551111406 -22.31158332888902;372;372;353;375;500;364,7551270;344,7557678;362,7583313;485,2599182
116;116;30,085763884399999;-22,311597217799999;30.085763884444738 -22.31159721777791;349;349;324;344;462;352,2471313;328,2464905;346,7471313;464,7467957
117;117;30,085777773299998;-22,311597217799999;30.08577777333363 -22.31159721777791;354;354;331;350;469;370,9891357;349,2384949;370,4868774;494,2336731
118;118;30,085791662199998;-22,311597217799999;30.085791662222515 -22.31159721777791;384;384;364;388;516;383,9987183;363,7487183;386,4990540;514,2490234
119;119;30,085805551100002;-22,311597217799999;30.085805551111406 -22.31159721777791;376;376;356;376;502;374,9987183;354,7487183;373,7490540;498,9987183
120;120;30,086263884400001;-22,313680551099999;30.086263884444744 -22.313680551111258;399;399;369;373;585;409,2442322;380,7432861;387,9913635;605,9881592
121;121;30,086277773300001;-22,313680551099999;30.08627777333363 -22.313680551111258;413;413;386;395;607;416,9980774;391,2471313;402,4958496;617,2442627
122;122;30,086291662200001;-22,313680551099999;30.08629166222252 -22.313680551111258;419;419;394;407;615;416,0019226;392,7509460;405,7509460;614,7503052
123;123;30,086305551100001;-22,313680551099999;30.08630555111141 -22.313680551111258;413;413;391;404;605;407,7525635;385,5025635;398,2525635;598,5028687
124;124;30,086319440000000;-22,313680551099999;30.0863194400003 -22.313680551111258;400;400;377;389;579;401,4984131;378,7484131;391,4974365;581,2477417
125;125;30,086263884400001;-22,313694439999999;30.086263884444744 -22.31369444000015;408;408;378;384;610;410,7480774;382,4967957;388,7464905;614,2464600
126;126;30,086277773300001;-22,313694439999999;30.08627777333363 -22.31369444000015;417;417;390;400;622;417,4990540;392,4977722;402,9971313;624,4974365
127;127;30,086291662200001;-22,313694439999999;30.08629166222252 -22.31369444000015;419;419;395;408;625;417,9996948;395,4987183;408,4984131;624,2490234
128;128;30,086305551100001;-22,313694439999999;30.08630555111141 -22.31369444000015;413;413;391;404;614;415,7461548;394,2458496;408,7442322;616,9948730
129;129;30,086319440000000;-22,313694439999999;30.0863194400003 -22.31369444000015;405;405;383;396;596;416,2420044;394,4916687;411,2391357;610,2394409
130;130;30,086263884400001;-22,313708328899999;30.086263884444744 -22.31370832888904;404;404;374;376;604;407,9967957;380,2455139;383,7442322;608,4961548
131;131;30,086277773300001;-22,313708328899999;30.08627777333363 -22.31370832888904;414;414;388;395;621;417,4974365;392,9964905;401,7455139;623,7477417
132;132;30,086291662200001;-22,313708328899999;30.08629166222252 -22.31370832888904;420;420;397;409;630;420,9993591;398,9987183;411,2484131;628,5006104
133;133;30,086305551100001;-22,313708328899999;30.08630555111141 -22.31370832888904;420;420;399;413;628;422,7487183;401,9984131;416,9980774;628,6104
134;134;30,086319440000000;-22,313708328899999;30.0863194400003 -22.31370832888904;425;425;404;422;630;425,7503052;405,0003052;422,7506409;625,2544556
135;135;30,086263884400001;-22,313722217799999;30.086263884444744 -22.313722217777926;400;400;371;370;593;405,2461548;377,7448730;378,2439270;598,9951782
136;136;30,086277773300001;-22,313722217799999;30.08627777333363 -22.313722217777926;414;414;388;394;616;417,7471313;393,4961548;399,9955139;619,4968262
137;137;30,086291662200001;-22,313722217799999;30.08629166222252 -22.313722217777926;422;422;399;409;628;422,4996948;400,4990540;410,9987183;627,6104
138;138;30,086305551100001;-22,313722217799999;30.08630555111141 -22.313722217777926;422;422;401;414;628;421,5015869;400,7515869;413,5019226;622,7554321
139;139;30,086319440000000;-22,313722217799999;30.0863194400003 -22.313722217777926;424;424;404;419;626;419,0041504;397,7551270;412,0057678;611,2608643
140;140;30,086263884400001;-22,313736106699999;30.086263884444744 -22.313736106666816;395;395;365;360;579;397,7471313;369,9958496;365,9948730;581,7464600
141;141;30,086277773300001;-22,313736106699999;30.08627777333363 -22.313736106666816;412;412;387;389;608;414,4977722;390,2471313;393,7458496;609,9974365
142;142;30,086291662200001;-22,313736106699999;30.08629166222252 -22.313736106666816;423;423;400;408;626;422,2496948;400,2490540;408,9984131;623,6104
143;143;30,086305551100001;-22,313736106699999;30.08630555111141 -22.313736106666816;423;423;402;413;626;419,2532043;398,2532043;408,7538452;615,7576904
144;144;30,086319440000000;-22,313736106699999;30.0863194400003 -22.313736106666816;417;417;396;408;611;410,7547913;388,5057678;399,0070496;594,5121460
145;145;30,086263884400001;-22,313749995599998;30.086263884444744 -22.313749995555703;380;380;350;339;550;389,7435913;361,7423096;354,7397461;563,2410278
146;146;30,086277773300001;-22,313749995599998;30.08627777333363 -22.313749995555703;404;404;378;376;590;409,9958496;385,4948730;386,9926453;597,7445679
147;147;30,086291662200001;-22,313749995599998;30.08629166222252 -22.313749995555703;419;419;396;402;616;420,2493591;398,2487183;405,7477722;615,5003052
148;148;30,086305551100001;-22,313749995599998;30.08630555111141 -22.313749995555703;424;424;403;413;624;416,2554321;395,0057678;404,0064087;607,2615356
149;149;30,086319440000000;-22,313749995599998;30.0863194400003 -22.313749995555703;413;413;392;401;602;403,7564087;380,7576904;388,5086365;579,5150146
150;150;30,086111106699999;-22,313624995600001;30.086111106666962 -22.313624995555703;421;421;407;437;553;424,2461548;409,7464905;439,2464905;558,7435913
151;151;30,086124995599999;-22,313624995600001;30.086124995555853 -22.313624995555703;435;435;423;459;584;424,7557678;410,7570496;442,7592773;567,7589722
152;152;30,086138884400000;-22,313624995600001;30.08613888444474 -22.313624995555703;414;414;401;434;558;410,7512817;395,5025635;425,2541504;552,5018921
153;153;30,086152773300000;-22,313624995600001;30.08615277333363 -22.313624995555703;402;402;387;416;544;409,4939270;392,2452087;420,4955139;555,4901123
154;154;30,086111106699999;-22,313638884400000;30.086111106666962 -22.313638884444593;408;408;391;413;525;418,4913635;400,9913635;424,2400818;541,7359009
155;155;30,086124995599999;-22,313638884400000;30.086124995555853 -22.313638884444593;433;433;418;448;573;428,7509460;412,5015869;440,7522278;566,7512817
156;156;30,086138884400000;-22,313638884400000;30.08613888444474 -22.313638884444593;417;417;401;430;556;421,2464905;404,2471313;432,4974365;562,9938965
157;157;30,086152773300000;-22,313638884400000;30.08615277333363 -22.313638884444593;410;410;393;421;552;422,9926453;404,4935913;432,4935913;573,2375488
158;158;30,086111106699999;-22,313652773299999;30.086111106666962 -22.31365277333348;398;398;377;392;500;408,2458496;387,2461548;403,9955139;516,2435913
159;159;30,086124995599999;-22,313652773299999;30.086124995555853 -22.31365277333348;435;435;418;444;569;424,0047913;405,0057678;428,0073547;550,2583008
160;160;30,086138884400000;-22,313652773299999;30.08613888444474 -22.31365277333348;430;430;413;441;569;424,5032043;405,5044861;430,2564087;560,2548218
161;161;30,086152773300000;-22,313652773299999;30.08615277333363 -22.31365277333348;428;428;410;438;575;422,2564087;401,5083313;425,7612000;566,5092773
162;162;30,086111106699999;-22,313666662199999;30.086111106666962 -22.31366666222237;389;389;365;374;476;394,4987183;369,9990540;379,4993591;484,4980774
163;163;30,086124995599999;-22,313666662199999;30.086124995555853 -22.31366666222237;411;411;389;406;520;409,2493591;386,7496948;402,2500000;516,9990234
164;164;30,086138884400000;-22,313666662199999;30.08613888444474 -22.31366666222237;420;420;400;421;543;417,2512817;395,5022278;414,7532043;540,2506714
165;165;30,086152773300000;-22,313666662199999;30.08615277333363 -22.31366666222237;420;420;399;421;554;409,7579956;386,0099182;404,0127869;540,5105591
166;166;30,086069439999999;-22,313902773300001;30.086069440000298 -22.313902773333485;426;426;404;427;612;437,7423096;414,7429504;440,9907227;634,9849854
167;167;30,086083328899999;-22,313902773300001;30.086083328889185 -22.313902773333485;435;435;412;438;627;440,2515869;416,0028687;443,5032043;637,2515869
168;168;30,086097217799999;-22,313902773300001;30.086097217778075 -22.313902773333485;446;446;423;452;641;425,5153503;399,2676086;422,5220642;606,5259399
169;169;30,086069439999999;-22,313916662200000;30.086069440000298 -22.313916662222372;440;440;417;443;642;445,9961548;421,4971313;449,4958496;653,2426147
170;170;30,086083328899999;-22,313916662200000;30.086083328889185 -22.313916662222372;450;450;426;456;659;436,0121460;409,2640686;435,2676086;635,2704468
171;171;30,086097217799999;-22,313916662200000;30.086097217778075 -22.313916662222372;430;430;403;428;622;404,0172729;373,7695312;391,0243225;576,2800903
172;172;30,086069439999999;-22,313930551100000;30.086069440000298 -22.313930551111262;442;442;417;443;647;440,0019226;413,5028687;439,7528687;644,5025635
173;173;30,086083328899999;-22,313930551100000;30.086083328889185 -22.313930551111262;452;452;426;456;665;425,0166321;396,0185547;418,7730408;618,7785034
174;174;30,086097217799999;-22,313930551100000;30.086097217778075 -22.313930551111262;412;412;382;401;595;389,2637634;356,5153503;369,5191956;554,249634
175;175;30,086069439999999;-22,313944440000000;30.086069440000298 -22.31394444000015;430;430;403;426;627;425,5028687;397,0038452;419,2541504;620,41504
176;176;30,086083328899999;-22,313944440000000;30.086083328889185 -22.31394444000015;436;436;408;434;639;417,2576904;386,7589722;407,5112000;606,140991
177;177;30,086097217799999;-22,313944440000000;30.086097217778075 -22.31394444000015;400;400;368;384;576;391,2551270;358,0057678;371,0076904;557,5108643
178;178;30,086069439999999;-22,313958328900000;30.086069440000298 -22.31395832888904;415;415;386;404;600;410,5025635;380,0035095;397,7538452;594,5031738
179;179;30,086083328899999;-22,313958328900000;30.086083328889185 -22.31395832888904;421;421;391;413;614;415,7493591;384,4996948;404,2500000;603,2500000
180;180;30,086097217799999;-22,313958328900000;30.086097217778075 -22.31395832888904;412;412;380;399;595;404,0047913;371,2554321;387,0073547;578,5102539
181;181;30,085499995599999;-22,315444440000000;30.085499995555846 -22.315444440000164;424;424;409;437;614;423,2503052;407,2509460;435,5006409;612,9766
182;182;30,085513884400001;-22,315444440000000;30.085513884444737 -22.315444440000164;422;422;406;435;610;419,5032043;402,5038452;431,5041504;605,2554321
183;183;30,085527773300001;-22,315444440000000;30.085527773333624 -22.315444440000164;421;421;404;434;607;413,0064087;395,2570496;424,5076904;592,5111694
184;184;30,085541662200001;-22,315444440000000;30.085541662222514 -22.315444440000164;418;418;401;432;598;407,5070496;389,5076904;419,5079956;577,137329
185;185;30,085555551100001;-22,315444440000000;30.085555551111405 -22.315444440000164;415;415;398;429;583;412,5000000;395,0000000;428,4977722;575,7515869
186;186;30,085499995599999;-22,315458328900000;30.085499995555846 -22.31545832888905;424;424;408;435;613;414,2551270;396,2560730;422,0064087;596,86670
187;187;30,085513884400001;-22,315458328900000;30.085513884444737 -22.31545832888905;423;423;406;435;611;409,5089722;391,0099182;418,0112000;589,144043
188;188;30,085527773300001;-22,315458328900000;30.085527773333624 -22.31545832888905;412;412;394;422;593;398,2586365;378,7596130;405,5102539;569,2650146
189;189;30,085541662200001;-22,315458328900000;30.085541662222514 -22.31545832888905;401;401;382;410;572;391,0060730;371,2564087;399,7557678;552,5112305
190;190;30,085555551100001;-22,315458328900000;30.085555551111405 -22.31545832888905;396;396;377;407;555;398,9977722;380,7471313;415,2439270;558,7468262
191;191;30,085499995599999;-22,315472217800000;30.085499995555846 -22.31547221777794;402;402;382;403;574;391,2564087;369,7573547;389,5079956;554,2618408
192;192;30,085513884400001;-22,315472217800000;30.085513884444737 -22.31547221777794;408;408;389;415;586;391,0092773;370,0102539;393,0115356;556,2659912
193;193;30,085527773300001;-22,315472217800000;30.085527773333624 -22.31547221777794;395;395;375;400;566;384,7547913;363,7551270;388,7544861;546,2592773
194;194;30,085541662200001;-22,315472217800000;30.085541662222514 -22.31547221777794;385;385;364;390;546;382,7503357;362,2500000;391,4974365;540,18921
195;195;30,085555551100001;-22,315472217800000;30.085555551111405 -22.31547221777794;382;382;362;392;537;390,2467957;371,4961548;407,9923096;548,2455444
196;196;30,085499995599999;-22,315444440000000;30.085499995555846 -22.315444440000164;424;424;409;437;614;423,2503052;407,2509460;435,5006409;612,9766
197;197;30,085513884400001;-22,315444440000000;30.085513884444737 -22.315444440000164;422;422;406;435;610;419,5032043;402,5038452;431,5041504;605,2554321
198;198;30,085527773300001;-22,315444440000000;30.085527773333624 -22.315444440000164;421;421;404;434;607;413,0064087;395,2570496;424,5076904;592,5111694
199;199;30,085541662200001;-22,315444440000000;30.085541662222514 -22.315444440000164;418;418;401;432;598;407,5070496;389,5076904;419,5079956;577,137329
200;200;30,085555551100001;-22,315444440000000;30.085555551111405 -22.315444440000164;415;415;398;429;583;412,5000000;395,0000000;428,4977722;575,7515869
201;201;30,085499995599999;-22,315458328900000;30.085499995555846 -22.31545832888905;424;424;408;435;613;414,2551270;396,2560730;422,0064087;596,86670
202;202;30,085513884400001;-22,315458328900000;30.085513884444737 -22.31545832888905;423;423;406;435;611;409,5089722;391,0099182;418,0112000;589,144043
203;203;30,085527773300001;-22,315458328900000;30.085527773333624 -22.31545832888905;412;412;394;422;593;398,2586365;378,7596130;405,5102539;569,2650146
204;204;30,085541662200001;-22,315458328900000;30.085541662222514 -22.31545832888905;401;401;382;410;572;391,0060730;371,2564087;399,7557678;552,5112305
205;205;30,085555551100001;-22,315458328900000;30.085555551111405 -22.31545832888905;396;396;377;407;555;398,9977722;380,7471313;415,2439270;558,7468262
206;206;30,085499995599999;-22,315472217800000;30.085499995555846 -22.31547221777794;402;402;382;403;574;391,2564087;369,7573547;389,5079956;554,2618408
207;207;30,085513884400001;-22,315472217800000;30.085513884444737 -22.31547221777794;408;408;389;415;586;391,0092773;370,0102539;393,0115356;556,2659912
208;208;30,085527773300001;-22,315472217800000;30.085527773333624 -22.31547221777794;395;395;375;400;566;384,7547913;363,7551270;388,7544861;546,2592773
209;209;30,085541662200001;-22,315472217800000;30.085541662222514 -22.31547221777794;385;385;364;390;546;382,7503357;362,2500000;391,4974365;540,18921
210;210;30,085555551100001;-22,315472217800000;30.085555551111405 -22.31547221777794;382;382;362;392;537;390,2467957;371,4961548;407,9923096;548,2455444
211;211;30,083749995600002;-22,316416662200002;30.083749995555834 -22.31641666222239;362;362;333;360;555;372,9929504;344,2429504;370,4932861;569,4907227
212;212;30,083763884400000;-22,316416662200002;30.08376388444472 -22.31641666222239;381;381;355;386;590;401,2375183;375,9868774;408,2362366;617,2330322
213;213;30,083777773300000;-22,316416662200002;30.083777773333612 -22.31641666222239;420;420;398;437;652;424,2487183;402,7487183;439,0006409;654,5006104
214;214;30,083791662199999;-22,316416662200002;30.0837916622225 -22.31641666222239;433;433;415;455;673;426,2554321;406,5067139;441,2602234;657,118408
215;215;30,083805551099999;-22,316416662200002;30.08380555111139 -22.31641666222239;432;432;415;452;669;420,5064087;401,5076904;434,0102539;646,131226
216;216;30,083819439999999;-22,316416662200002;30.08381944000028 -22.31641666222239;422;422;406;441;651;405,2602539;386,2618408;416,5147095;619,195312
217;217;30,083833328899999;-22,316416662200002;30.083833328889167 -22.31641666222239;397;397;379;410;607;375,2637634;354,7653503;380,2685547;567,5249634
218;218;30,083749995600002;-22,316430551100002;30.083749995555834 -22.31643055111128;365;365;334;355;549;377,4920044;346,4920044;367,2420044;563,9900513
219;219;30,083763884400000;-22,316430551100002;30.08376388444472 -22.31643055111128;384;384;355;381;584;403,9878540;376,2372131;403,2365723;609,9843140
220;220;30,083777773300000;-22,316430551100002;30.083777773333612 -22.31643055111128;420;420;396;429;643;421,7496643;397,0003052;427,2522278;639,5035400
221;221;30,083791662199999;-22,316430551100002;30.0837916622225 -22.31643055111128;424;424;402;435;650;417,0054321;393,0067139;421,2596130;632,128174
222;222;30,083805551099999;-22,316430551100002;30.08380555111139 -22.31643055111128;416;416;394;423;636;408,0060730;384,5070496;410,5092773;616,7637329
223;223;30,083819439999999;-22,316430551100002;30.08381944000028 -22.31643055111128;412;412;391;420;628;393,7615051;371,0124817;395,2653503;592,5220947
224;224;30,083833328899999;-22,316430551100002;30.083833328889167 -22.31643055111128;390;390;369;395;590;367,7624817;344,7634277;366,0159912;549,230103
225;225;30,083749995600002;-22,316444440000001;30.083749995555834 -22.316444440000172;371;371;338;353;543;379,2445679;345,7448730;360,2452087;551,9938965
226;226;30,083763884400000;-22,316444440000001;30.08376388444472 -22.316444440000172;390;390;359;380;580;403,7420044;373,2416687;394,2416687;595,7410278
227;227;30,083777773300000;-22,316444440000001;30.083777773333612 -22.316444440000172;422;422;395;423;633;418,5019226;390,7522278;415,0044861;621,2567139
228;228;30,083791662199999;-22,316444440000001;30.0837916622225 -22.316444440000172;421;421;395;422;632;412,5047913;385,5054321;408,2579956;613,108643
229;229;30,083805551099999;-22,316444440000001;30.08380555111139 -22.316444440000172;407;407;381;405;610;399,2564087;372,5070496;393,0092773;592,2634277
230;230;30,083819439999999;-22,316444440000001;30.08381944000028 -22.316444440000172;397;397;372;394;593;383,0079956;357,0086365;376,0102539;566,2653809
231;231;30,083833328899999;-22,316444440000001;30.083833328889167 -22.316444440000172;376;376;352;372;559;366,2532043;341,2535095;360,0035095;539,2576904
232;232;30,083749995600002;-22,316458328900001;30.083749995555834 -22.31645832888906;368;368;332;340;523;372,2471313;335,2477722;341,2490540;524,7487183
233;233;30,083763884400000;-22,316458328900001;30.08376388444472 -22.31645832888906;388;388;354;368;562;394,7464905;360,7464905;373,2474365;566,4977417
234;234;30,083777773300000;-22,316458328900001;30.083777773333612 -22.31645832888906;415;415;385;406;608;410,2512817;379,2519226;396,2538452;595,54321
235;235;30,083791662199999;-22,316458328900001;30.0837916622225 -22.31645832888906;416;416;388;409;612;410,5022278;380,7532043;398,5047913;598,2564087
236;236;30,083805551099999;-22,316458328900001;30.08380555111139 -22.31645832888906;406;406;378;397;598;396,5070496;367,0079956;383,2599182;578,140991
237;237;30,083819439999999;-22,316458328900001;30.08381944000028 -22.31645832888906;387;387;359;376;568;378,0057678;349,2560730;364,5070496;549,7615356
238;238;30,083833328899999;-22,316458328900001;30.083833328889167 -22.31645832888906;372;372;345;362;545;368,2519226;341,5015869;358,7512817;535,5048218
239;239;30,083749995600002;-22,316472217800001;30.083749995555834 -22.31647221777795;356;356;316;314;487;360,4977722;320,4977722;318,4977722;490,4987183
240;240;30,083763884400000;-22,316472217800001;30.08376388444472 -22.31647221777795;377;377;339;343;527;378,7503052;341,2503052;345,2506409;526,31738
241;241;30,083777773300000;-22,316472217800001;30.083777773333612 -22.31647221777795;399;399;365;376;569;395,5009460;361,0009460;370,7512817;558,2541504
242;242;30,083791662199999;-22,316472217800001;30.0837916622225 -22.31647221777795;411;411;379;394;591;406,2506409;374,0006409;388,2503357;580,2528687
243;243;30,083805551099999;-22,316472217800001;30.08380555111139 -22.31647221777795;409;409;378;394;592;398,5054321;367,0057678;382,0060730;571,5108643
244;244;30,083819439999999;-22,316472217800001;30.08381944000028 -22.31647221777795;384;384;353;366;554;376,0079956;345,2579956;358,7583313;538,147095
245;245;30,083833328899999;-22,316472217800001;30.083833328889167 -22.31647221777795;369;369;340;354;532;353,0163269;324,0166321;337,0185547;504,2771912
246;246;30,083736106700002;-22,316458328900001;30.083736106666944 -22.31645832888906;358;358;322;327;499;355,5006409;317,5019226;318,5041504;490,7538452
247;247;30,083749995600002;-22,316458328900001;30.083749995555834 -22.31645832888906;368;368;332;340;523;372,2471313;335,2477722;341,2490540;524,7487183
248;248;30,083763884400000;-22,316458328900001;30.08376388444472 -22.31645832888906;388;388;354;368;562;394,7464905;360,7464905;373,2474365;566,4977417
249;249;30,083736106700002;-22,316472217800001;30.083736106666944 -22.31647221777795;340;340;300;293;454;342,2480774;300,9987183;293,4990540;454,2490540
250;250;30,083749995600002;-22,316472217800001;30.083749995555834 -22.31647221777795;356;356;316;314;487;360,4977722;320,4977722;318,4977722;490,4987183
251;251;30,083763884400000;-22,316472217800001;30.08376388444472 -22.31647221777795;377;377;339;343;527;378,7503052;341,2503052;345,2506409;526,31738
252;252;30,083736106700002;-22,316486106700001;30.083736106666944 -22.316486106666837;327;327;284;271;419;332,7471313;289,7471313;277,9964905;424,7477722
253;253;30,083749995600002;-22,316486106700001;30.083749995555834 -22.316486106666837;346;346;304;296;457;347,9996643;306,2496643;299,4990540;456,22278
254;254;30,083763884400000;-22,316486106700001;30.08376388444472 -22.316486106666837;363;363;323;321;491;361,0015869;321,2512817;319,7509460;483,2551270
255;255;30,083736106700002;-22,316499995600001;30.083736106666944 -22.316499995555727;322;322;278;263;397;328,2503052;284,7503052;271,5000000;403,7528687
256;256;30,083749995600002;-22,316499995600001;30.083749995555834 -22.316499995555727;336;336;293;282;426;332,2535095;289,2535095;278,7535095;416,2579956
257;257;30,083763884400000;-22,316499995600001;30.08376388444472 -22.316499995555727;347;347;305;299;450;345,9977722;305,2467957;300,4952087;445,4980774
258;258;30,083736106700002;-22,316513884399999;30.083736106666944 -22.316513884444614;334;334;291;278;404;332,0019226;288,5022278;276,0022278;396,5060730
259;259;30,083749995600002;-22,316513884399999;30.083749995555834 -22.316513884444614;321;321;277;263;388;327,2455139;283,9948730;272,4929504;394,4948730
260;260;30,083763884400000;-22,316513884399999;30.08376388444472 -22.316513884444614;325;325;282;271;401;346,4849548;305,9833679;302,2282410;433,2272949
261;261;30,083458328900001;-22,317111106700001;30.083458328889165 -22.317111106666843;419;419;408;444;616;408,0041504;395,7547913;427,7567139;600,7551270
262;262;30,083472217800001;-22,317111106700001;30.083472217778052 -22.317111106666843;416;416;405;441;620;414,2487183;402,7487183;437,2490540;613,7500000
263;263;30,083486106700001;-22,317111106700001;30.083486106666943 -22.317111106666843;415;415;404;441;615;413,0022278;401,7525635;437,7535095;604,86670
264;264;30,083458328900001;-22,317124995600000;30.083458328889165 -22.31712499555573;391;391;377;403;567;391,7480774;376,9984131;401,7487183;570,7451782
265;265;30,083472217800001;-22,317124995600000;30.083472217778052 -22.31712499555573;406;406;393;423;600;410,9952087;398,2448730;428,7442322;605,2438965
266;266;30,083486106700001;-22,317124995600000;30.083486106666943 -22.31712499555573;420;420;409;444;620;417,0003357;405,5003357;439,0009766;607,5054321
267;267;30,083458328900001;-22,317138884399998;30.083458328889165 -22.31713888444462;373;373;356;374;534;381,7435913;364,9932861;384,9920044;549,7388306
268;268;30,083472217800001;-22,317138884399998;30.083472217778052 -22.31713888444462;397;397;382;407;582;407,4929504;393,4923096;420,7407227;594,9910278
269;269;30,083486106700001;-22,317138884399998;30.083486106666943 -22.31713888444462;421;421;409;441;619;420,7490540;408,9987183;440,9984131;609,7538452
270;270;30,083458328900001;-22,317152773299998;30.083458328889165 -22.317152773333508;364;364;345;360;514;379,9910278;362,4900818;380,4881592;538,9855957
271;271;30,083472217800001;-22,317152773299998;30.083472217778052 -22.317152773333508;393;393;377;399;569;404,2435913;389,7426453;414,9907227;582,9920044
272;272;30,083486106700001;-22,317152773299998;30.083486106666943 -22.317152773333508;419;419;406;436;610;420,2480774;408,2474365;438,7471313;603,2525635
273;273;30,084388884399999;-22,317152773299998;30.084388884444728 -22.317152773333508;375;375;345;344;484;379,2484131;347,4993591;345,5006409;485,2506409
274;274;30,084402773299999;-22,317152773299998;30.084402773333615 -22.317152773333508;382;382;351;350;492;380,2506409;347,2519226;342,7538452;484,41504
275;275;30,084416662199999;-22,317152773299998;30.084416662222505 -22.317152773333508;379;379;346;341;483;378,7487183;344,4993591;338,4996948;479,9993591
276;276;30,084430551099999;-22,317152773299998;30.084430551111396 -22.317152773333508;373;373;339;333;473;384,2429504;349,9929504;346,9907227;489,9884949
277;277;30,084444439999999;-22,317152773299998;30.084444440000283 -22.317152773333508;386;386;352;351;493;393,2458496;359,4955139;361,9932861;506,9910278
278;278;30,084458328899998;-22,317152773299998;30.084458328889173 -22.317152773333508;393;393;359;363;505;393,5000000;359,7496948;365,4987183;509,7471313
279;279;30,084388884399999;-22,317166662199998;30.084388884444728 -22.317166662222398;380;380;347;346;483;380,2512817;346,0022278;341,7544861;478,7551270
280;280;30,084402773299999;-22,317166662199998;30.084402773333615 -22.317166662222398;380;380;347;342;482;379,7490540;344,5003357;337,5012817;476,2515869
281;281;30,084416662199999;-22,317166662199998;30.084416662222505 -22.317166662222398;380;380;345;338;479;385,9942322;350,4942322;344,4929504;486,7413635
282;282;30,084430551099999;-22,317166662199998;30.084430551111396 -22.317166662222398;383;383;348;342;485;396,7410278;362,7400818;361,4872131;508,9836731
283;283;30,084444439999999;-22,317166662199998;30.084444440000283 -22.317166662222398;395;395;361;362;509;404,7439270;372,4926453;376,9903870;528,9868774
284;284;30,084458328899998;-22,317166662199998;30.084458328889173 -22.317166662222398;399;399;366;372;521;402,2487183;370,7477722;378,2467957;531,4935913
285;285;30,084388884399999;-22,317180551100002;30.084388884444728 -22.31718055111129;385;385;350;347;483;379,2538452;342,0054321;335,5076904;468,7592773
286;286;30,084402773299999;-22,317180551100002;30.084402773333615 -22.31718055111129;376;376;340;332;467;378,9974365;340,9984131;331,9990540;467,4984131
287;287;30,084416662199999;-22,317180551100002;30.084416662222505 -22.31718055111129;383;383;346;338;477;391,7439270;354,9935913;348,4926453;490,7400818
288;288;30,084430551099999;-22,317180551100002;30.084430551111396 -22.31718055111129;398;398;363;360;506;405,2461548;371,2455139;370,4939270;520,9910278
289;289;30,084444439999999;-22,317180551100002;30.084444440000283 -22.31718055111129;411;411;379;382;536;411,0006409;379,5003052;384,4990540;541,4968262
290;290;30,084458328899998;-22,317180551100002;30.084458328889173 -22.31718055111129;414;414;384;392;550;406,5044861;376,2544861;384,5041504;545,2518921
291;291;30,084388884399999;-22,317194440000002;30.084388884444728 -22.317194440000176;383;383;345;340;471;376,7535095;336,5047913;328,2567139;457,79956
292;292;30,084402773299999;-22,317194440000002;30.084402773333615 -22.317194440000176;373;373;333;323;454;378,2464905;337,7467957;327,4967957;459,7458496
293;293;30,084416662199999;-22,317194440000002;30.084416662222505 -22.317194440000176;384;384;345;335;472;392,9942322;354,7435913;347,2420044;487,9894409
294;294;30,084430551099999;-22,317194440000002;30.084430551111396 -22.317194440000176;402;402;366;361;508;405,2484131;370,4974365;368,4958496;519,2429810
295;295;30,084444439999999;-22,317194440000002;30.084444440000283 -22.317194440000176;410;410;377;379;534;408,0012817;376,0006409;379,4996948;538,4968262
296;296;30,084458328899998;-22,317194440000002;30.084458328889173 -22.317194440000176;409;409;378;385;546;403,5032043;373,5022278;380,7519226;545,7490234
297;297;30,084388884399999;-22,317208328900001;30.084388884444728 -22.317208328889066;379;379;338;331;457;375,2519226;333,2525635;324,5035095;448,7544861
298;298;30,084402773299999;-22,317208328900001;30.084402773333615 -22.317208328889066;372;372;330;319;446;378,4958496;336,4958496;326,2455139;454,9942322
299;299;30,084416662199999;-22,317208328900001;30.084416662222505 -22.317208328889066;384;384;343;333;467;393,2442322;353,4935913;345,9920044;484,2391357
300;300;30,084430551099999;-22,317208328900001;30.084430551111396 -22.317208328889066;402;402;365;360;505;404,7480774;368,7474365;366,4955139;516,2423096
301;301;30,084444439999999;-22,317208328900001;30.084444440000283 -22.317208328889066;407;407;374;374;530;407,4993591;374,9987183;377,7471313;537,9938965
302;302;30,084458328899998;-22,317208328900001;30.084458328889173 -22.317208328889066;406;406;375;380;544;404,7503052;375,2493591;381,9980774;550,4948730
303;303;30,084388884399999;-22,317222217800001;30.084388884444728 -22.317222217777953;377;377;335;328;449;374,0022278;330,5032043;321,7544861;441,5051270
304;304;30,084402773299999;-22,317222217800001;30.084402773333615 -22.317222217777953;373;373;330;320;443;375,7493591;332,2496643;321,5003052;445,9996643
305;305;30,084416662199999;-22,317222217800001;30.084416662222505 -22.317222217777953;385;385;343;333;464;386,7500000;345,2496643;336,2493591;469,9977722
306;306;30,084430551099999;-22,317222217800001;30.084430551111396 -22.317222217777953;402;402;363;358;501;398,2512817;360,5003357;356,7493591;503,2464905
307;307;30,084444439999999;-22,317222217800001;30.084444440000283 -22.317222217777953;408;408;373;374;529;405,5003357;371,9993591;374,2480774;533,9945679
308;308;30,084458328899998;-22,317222217800001;30.084458328889173 -22.317222217777953;409;409;378;383;549;407,2503357;377,4993591;384,4980774;555,2445679
309;309;30,084388884399999;-22,317236106700001;30.084388884444728 -22.317236106666844;376;376;332;325;441;370,2544861;325,0051270;315,2570496;430,79956
310;310;30,084402773299999;-22,317236106700001;30.084402773333615 -22.317236106666844;370;370;325;314;433;366,5035095;321,2538452;308,2554321;426,7560730
311;311;30,084416662199999;-22,317236106700001;30.084416662222505 -22.317236106666844;375;375;331;319;444;370,2541504;326,5041504;313,5051270;440,41504
312;312;30,084430551099999;-22,317236106700001;30.084430551111396 -22.317236106666844;385;385;344;335;471;382,0006409;342,0000000;333,9990540;474,7455139
313;313;30,084444439999999;-22,317236106700001;30.084444440000283 -22.317236106666844;398;398;362;360;512;396,5000000;361,7487183;361,2477722;518,7435913
314;314;30,084458328899998;-22,317236106700001;30.084458328889173 -22.317236106666844;407;407;375;380;546;404,0012817;374,0000000;379,4993591;551,2451782
315;315;30,079055551100002;-22,315513884400001;30.079055551111352 -22.315513884444606;392;392;361;356;497;386,5032043;354,5038452;346,7554321;488,5047913
316;316;30,079069440000001;-22,315513884400001;30.07906944000024 -22.315513884444606;386;386;355;348;491;378,7570496;346,7579956;336,0108643;479,2615051
317;317;30,079083328900001;-22,315513884400001;30.07908332888913 -22.315513884444606;383;383;353;343;489;375,5057678;343,7570496;331,5086365;478,2586365
318;318;30,079097217800001;-22,315513884400001;30.079097217778017 -22.315513884444606;390;390;361;353;507;388,7500000;358,5003357;351,0000000;507,4977722
319;319;30,079055551100002;-22,315527773300001;30.079055551111352 -22.315527773333496;386;386;353;344;484;378,5032043;344,2538452;332,2554321;471,5054321
320;320;30,079069440000001;-22,315527773300001;30.07906944000024 -22.315527773333496;382;382;349;339;482;371,0064087;336,5073547;321,7602539;462,5115051
321;321;30,079083328900001;-22,315527773300001;30.07908332888913 -22.315527773333496;364;364;330;314;455;362,7512817;328,0015869;310,7525635;453,5012817
322;322;30,079097217800001;-22,315527773300001;30.079097217778017 -22.315527773333496;365;365;331;316;462;372,9961548;339,9958496;326,7448730;478,7416687
323;323;30,079055551100002;-22,315541662200001;30.079055551111352 -22.315541662222387;370;370;334;319;453;365,0009766;327,7515869;310,5025635;444,22278
324;324;30,079069440000001;-22,315541662200001;30.07906944000024 -22.315541662222387;376;376;341;327;467;368,0028687;331,5035095;313,7554321;452,57678
325;325;30,079083328900001;-22,315541662200001;30.07908332888913 -22.315541662222387;362;362;326;307;446;363,7487183;327,4990540;308,2490540;449,9974365
326;326;30,079097217800001;-22,315541662200001;30.079097217778017 -22.315541662222387;360;360;325;306;451;367,7474365;332,4977722;316,2464905;464,9948730
327;327;30,079055551100002;-22,315555551100001;30.079055551111352 -22.315555551111274;347;347;307;285;410;351,4980774;310,9984131;288,4990540;415,4980774
328;328;30,079069440000001;-22,315555551100001;30.07906944000024 -22.315555551111274;367;367;329;311;446;359,5051270;320,5057678;298,2586365;431,7596130
329;329;30,079083328900001;-22,315555551100001;30.07908332888913 -22.315555551111274;367;367;330;310;449;359,0047913;320,7554321;298,0070496;436,2573547
330;330;30,079097217800001;-22,315555551100001;30.079097217778017 -22.315555551111274;366;366;329;310;454;362,0012817;324,7512817;305,2512817;450,3357
331;331;30,079055551100002;-22,315569440000001;30.079055551111352 -22.315569440000164;339;339;296;270;390;342,9980774;300,2480774;273,4987183;395,7474365
332;332;30,079069440000001;-22,315569440000001;30.07906944000024 -22.315569440000164;353;353;312;288;416;347,0044861;305,2551270;277,5076904;405,2579956
333;333;30,079083328900001;-22,315569440000001;30.07908332888913 -22.315569440000164;351;351;311;284;416;345,7532043;304,7538452;276,2547913;408,5047913
334;334;30,079097217800001;-22,315569440000001;30.079097217778017 -22.315569440000164;352;352;313;288;426;352,2493591;312,9993591;288,9984131;428,4974365
335;335;30,079055551100002;-22,315583328900001;30.079055551111352 -22.31558332888905;335;335;291;262;379;340,7445679;297,2439270;268,4932861;388,7407227
336;336;30,079069440000001;-22,315583328900001;30.07906944000024 -22.31558332888905;345;345;302;274;398;344,7506409;302,0006409;272,7512817;398,2506409
337;337;30,079083328900001;-22,315583328900001;30.07908332888913 -22.31558332888905;339;339;296;264;391;339,7509460;297,2506409;266,7500000;395,2493591
338;338;30,079097217800001;-22,315583328900001;30.079097217778017 -22.31558332888905;341;341;299;269;401;342,7503052;301,9996643;275,7474365;409,9964905
339;339;30,071124995600002;-22,323652773300001;30.07112499555573 -22.32365277333356;362;362;326;304;532;365,2477722;330,7467957;309,2464905;538,2458496
340;340;30,071138884400000;-22,323652773300001;30.071138884444622 -22.32365277333356;364;364;328;307;536;368,7471313;335,2455139;315,2448730;543,4955444
341;341;30,071152773300000;-22,323652773300001;30.07115277333351 -22.32365277333356;369;369;335;316;543;376,9952087;345,9932861;329,4916687;554,4932861
342;342;30,071166662200000;-22,323652773300001;30.0711666622224 -22.32365277333356;382;382;351;337;561;390,9948730;363,2426453;351,7410278;573,4929810
343;343;30,071124995600002;-22,323666662200001;30.07112499555573 -22.32366666222245;366;366;333;311;540;367,4990540;335,7480774;313,9977722;542,9977417
344;344;30,071138884400000;-22,323666662200001;30.071138884444622 -22.32366666222245;369;369;336;315;545;371,7477722;341,2461548;321,4952087;549,4964600
345;345;30,071152773300000;-22,323666662200001;30.07115277333351 -22.32366666222245;373;373;342;323;550;379,9955139;351,9935913;335,7420044;559,4942627
346;346;30,071166662200000;-22,323666662200001;30.0711666622224 -22.32366666222245;384;384;356;342;564;390,7467957;365,9948730;354,4932861;572,7461548
347;347;30,071124995600002;-22,323680551100001;30.07112499555573 -22.32368055111134;366;366;335;312;540;362,2522278;332,2515869;308,2522278;535,2528687
348;348;30,071138884400000;-22,323680551100001;30.071138884444622 -22.32368055111134;369;369;339;318;547;369,7480774;341,7464905;320,9958496;547,2474365
349;349;30,071152773300000;-22,323680551100001;30.07115277333351 -22.32368055111134;376;376;348;330;556;380,9967957;355,9948730;339,9932861;561,7461548
350;350;30,071166662200000;-22,323680551100001;30.0711666622224 -22.32368055111134;387;387;362;348;568;389,4987183;367,4967957;355,9955139;570,2496948
351;351;30,071124995600002;-22,323694440000001;30.07112499555573 -22.323694440000228;355;355;325;298;523;344,7570496;315,7564087;288,5064087;503,7631226
352;352;30,071138884400000;-22,323694440000001;30.071138884444622 -22.323694440000228;359;359;330;305;531;355,5012817;328,9996948;306,2480774;521,48218
353;353;30,071152773300000;-22,323694440000001;30.07115277333351 -22.323694440000228;375;375;350;331;555;372,9996948;350,2480774;334,4955139;545,7535400
354;354;30,071166662200000;-22,323694440000001;30.0711666622224 -22.323694440000228;386;386;364;351;568;386,4977722;367,4955139;357,9926453;562,3052
355;355;30,070986106700001;-22,323666662200001;30.070986106666844 -22.32366666222245;353;353;323;296;471;357,7474365;328,9967957;301,9967957;485,4916687
356;356;30,070999995600001;-22,323666662200001;30.07099999555573 -22.32366666222245;358;358;329;303;489;355,5022278;326,2522278;299,2532043;490,7500000
357;357;30,071013884399999;-22,323666662200001;30.07101388444462 -22.32366666222245;352;352;321;295;488;348,2532043;317,7532043;289,5047913;487,7515869
358;358;30,071027773299999;-22,323666662200001;30.07102777333351 -22.32366666222245;348;348;317;290;491;344,5032043;313,2535095;284,0051270;489,32043
359;359;30,071041662199999;-22,323666662200001;30.0710416622224 -22.32366666222245;350;350;319;292;501;354,9971313;323,7471313;296,9971313;510,4942322
360;360;30,071055551099999;-22,323666662200001;30.071055551111286 -22.32366666222245;373;373;342;321;541;374,4990540;343,4990540;321,2496948;544,7474365
361;361;30,070986106700001;-22,323680551100001;30.070986106666844 -22.32368055111134;359;359;331;303;485;355,0047913;327,5047913;296,7570496;484,5041504
362;362;30,070999995600001;-22,323680551100001;30.07099999555573 -22.32368055111134;361;361;333;306;497;348,2576904;319,2586365;287,7612000;481,2596130
363;363;30,071013884399999;-22,323680551100001;30.07101388444462 -22.32368055111134;351;351;322;293;489;341,0054321;310,2564087;277,5086365;477,2560730
364;364;30,071027773299999;-22,323680551100001;30.07102777333351 -22.32368055111134;342;342;311;280;483;337,2522278;305,5025635;272,0038452;477,7519226
365;365;30,071041662199999;-22,323680551100001;30.0710416622224 -22.32368055111134;338;338;306;274;481;345,2464905;313,4964905;282,2461548;494,7432861
366;366;30,071055551099999;-22,323680551100001;30.071055551111286 -22.32368055111134;359;359;328;301;519;360,2506409;328,7509460;301,0019226;521,7506104
367;367;30,070986106700001;-22,323694440000001;30.070986106666844 -22.323694440000228;356;356;330;297;484;344,7583313;317,5092773;283,2602234;470,108643
368;368;30,070999995600001;-22,323694440000001;30.07099999555573 -22.323694440000228;344;344;316;281;472;334,5054321;305,0060730;269,5064087;460,2564087
369;369;30,071013884399999;-22,323694440000001;30.07101388444462 -22.323694440000228;337;337;306;271;467;332,0022278;301,0022278;265,7519226;463,12817
370;370;30,071027773299999;-22,323694440000001;30.07102777333351 -22.323694440000228;334;334;302;266;470;333,4996948;301,9993591;267,7480774;471,4980774
371;371;30,071041662199999;-22,323694440000001;30.0710416622224 -22.323694440000228;335;335;303;268;477;339,7484131;308,2480774;275,7471313;484,9974365
372;372;30,071055551099999;-22,323694440000001;30.071055551111286 -22.323694440000228;349;349;317;286;502;346,7525635;315,0025635;283,7528687;497,7547913
373;373;30,070986106700001;-22,323708328900000;30.070986106666844 -22.32370832888912;349;349;323;290;474;335,7567139;308,0076904;275,2570496;455,2592773
374;374;30,070999995600001;-22,323708328900000;30.07099999555573 -22.32370832888912;330;330;301;265;450;328,9996948;299,7496948;266,7474365;450,9977722
375;375;30,071013884399999;-22,323708328900000;30.07101388444462 -22.32370832888912;327;327;297;261;452;330,7474365;300,9971313;269,2445679;460,2445679
376;376;30,071027773299999;-22,323708328900000;30.07102777333351 -22.32370832888912;330;330;299;265;463;334,2477722;304,2471313;274,2445679;470,9958496
377;377;30,071041662199999;-22,323708328900000;30.0710416622224 -22.32370832888912;335;335;304;272;476;336,5003052;306,4996643;277,2480774;477,15869
378;378;30,071055551099999;-22,323708328900000;30.071055551111286 -22.32370832888912;340;340;309;277;485;336,5028687;305,7528687;276,2512817;477,2560730
379;379;30,073416662200000;-22,323402773300000;30.073416662222417 -22.32340277333356;375;375;333;324;502;362,7557678;318,7567139;306,0086365;481,7596130
380;380;30,073430551100000;-22,323402773300000;30.073430551111308 -22.32340277333356;373;373;330;321;505;363,0054321;319,0060730;307,0076904;487,5096130
381;381;30,073444439999999;-22,323402773300000;30.073444440000195 -22.32340277333356;366;366;323;313;498;364,7496948;321,0000000;310,7496948;494,5000000
382;382;30,073458328899999;-22,323402773300000;30.073458328889085 -22.32340277333356;370;370;327;319;507;381,2407227;338,7400818;333,9875183;524,9852905
383;383;30,073416662200000;-22,323416662200000;30.073416662222417 -22.32341666222245;346;346;300;282;448;357,9929504;313,2423096;297,2410278;466,2391052
384;384;30,073430551100000;-22,323416662200000;30.073430551111308 -22.32341666222245;357;357;312;297;472;361,4974365;317,2467957;303,2461548;477,7467957
385;385;30,073444439999999;-22,323416662200000;30.073444440000195 -22.32341666222245;356;356;311;297;475;366,9923096;323,4913635;312,7391357;491,2388000
386;386;30,073458328899999;-22,323416662200000;30.073458328889085 -22.32341666222245;367;367;323;314;498;391,7327271;350,4808044;347,7263184;535,4734497
387;387;30,073416662200000;-22,323430551100000;30.073416662222417 -22.323430551111336;361;361;317;300;463;367,9967957;325,4958496;309,4955139;473,4955139
388;388;30,073430551100000;-22,323430551100000;30.073430551111308 -22.323430551111336;368;368;324;310;482;370,4967957;328,4955139;314,7448730;483,2467957
389;389;30,073444439999999;-22,323430551100000;30.073444440000195 -22.323430551111336;365;365;322;309;482;380,7388000;339,9872131;331,2340088;504,2336731
390;390;30,073458328899999;-22,323430551100000;30.073458328889085 -22.323430551111336;380;380;338;331;510;409,7314453;371,7288818;372,4740906;555,4718628
391;391;30,073416662200000;-22,323444439999999;30.073416662222417 -22.323444440000227;372;372;331;314;472;363,7547913;323,0047913;303,5060730;456,5092773
392;392;30,073430551100000;-22,323444439999999;30.073430551111308 -22.323444440000227;371;371;330;314;477;373,7442322;333,9929504;319,2410583;477,9926453
393;393;30,073444439999999;-22,323444439999999;30.073444440000195 -22.323444440000227;378;378;338;326;492;397,4855957;360,2336731;354,2295227;520,7288818
394;394;30,073458328899999;-22,323444439999999;30.073458328889085 -22.323444440000227;400;400;362;359;533;426,2359314;391,7340088;395,7298279;571,4794922
395;395;30,074638884399999;-22,323416662200000;30.07463888444465 -22.32341666222245;401;401;373;400;529;412,9929504;385,4926453;413,4923096;547,4891357
396;396;30,074652773299999;-22,323416662200000;30.07465277333354 -22.32341666222245;400;400;371;396;525;400,5012817;371,2515869;393,7535095;525,7522583
397;397;30,074666662199999;-22,323416662200000;30.074666662222427 -22.32341666222245;383;383;352;370;497;382,9987183;351,4990540;366,7506409;496,4984131
398;398;30,074680551099998;-22,323416662200000;30.074680551111317 -22.32341666222245;366;366;333;344;469;374,2442322;340,9942322;351,2445679;480,9913635
399;399;30,074694439999998;-22,323416662200000;30.074694440000204 -22.32341666222245;360;360;325;332;457;374,4923096;340,7416687;348,4916687;480,2378540
400;400;30,074708328900002;-22,323416662200000;30.074708328889095 -22.32341666222245;370;370;336;343;473;373,4993591;340,2490540;344,2512817;478,2493591
401;401;30,074638884399999;-22,323430551100000;30.07463888444465 -22.323430551111336;428;428;402;434;573;420,7551270;394,0057678;421,7583313;560,7586670
402;402;30,074652773299999;-22,323430551100000;30.07465277333354 -22.323430551111336;423;423;396;424;563;407,5076904;378,7586365;401,0118408;537,7625122
403;403;30,074666662199999;-22,323430551100000;30.074666662222427 -22.323430551111336;396;396;366;385;518;395,9980774;365,2484131;381,7493591;517,4974365
404;404;30,074680551099998;-22,323430551100000;30.074680551111317 -22.323430551111336;387;387;355;368;502;393,9948730;362,2445679;375,4942322;512,9916992
405;405;30,074694439999998;-22,323430551100000;30.074694440000204 -22.323430551111336;384;384;351;361;496;391,2467957;358,9964905;368,9967957;507,7448730
406;406;30,074708328900002;-22,323430551100000;30.074708328889095 -22.323430551111336;384;384;351;358;495;381,0032043;348,2532043;352,5051270;490,2551270
407;407;30,074638884399999;-22,323444439999999;30.07463888444465 -22.323444440000227;420;420;394;421;561;409,2564087;382,0073547;404,7599182;542,5111694
408;408;30,074652773299999;-22,323444439999999;30.07465277333354 -22.323444440000227;412;412;384;408;546;401,5054321;372,2560730;391,2589722;528,2592773
409;409;30,074666662199999;-22,323444439999999;30.074666662222427 -22.323444440000227;399;399;369;387;524;398,9996948;368,7496948;384,5009460;522,7500000
410;410;30,074680551099998;-22,323444439999999;30.074680551111317 -22.323444440000227;402;402;371;387;526;401,9996948;371,2496948;385,5006409;526,4993896
411;411;30,074694439999998;-22,323444439999999;30.074694440000204 -22.323444440000227;403;403;372;386;528;399,2519226;367,7522278;379,0038452;521,5031738
412;412;30,074708328900002;-22,323444439999999;30.074708328889095 -22.323444440000227;394;394;362;371;512;386,5041504;354,2541504;359,7560730;500,2564087
413;413;30,074638884399999;-22,323458328899999;30.07463888444465 -22.323458328889114;405;405;379;400;537;395,5057678;367,7567139;385,0089722;520,5099487
414;414;30,074652773299999;-22,323458328899999;30.07465277333354 -22.323458328889114;400;400;371;390;526;391,7547913;362,2551270;377,2573547;512,7576904
415;415;30,074666662199999;-22,323458328899999;30.074666662222427 -22.323458328889114;395;395;365;380;517;392,5015869;362,2519226;375,0035095;512,7528687
416;416;30,074680551099998;-22,323458328899999;30.074680551111317 -22.323458328889114;400;400;370;384;524;397,2512817;366,0022278;377,7535095;519,25635
417;417;30,074694439999998;-22,323458328899999;30.074694440000204 -22.323458328889114;403;403;372;385;528;398,7512817;367,0012817;377,2525635;521,18921
418;418;30,074708328900002;-22,323458328899999;30.074708328889095 -22.323458328889114;397;397;365;374;518;391,5025635;360,0022278;366,7532043;510,32043
419;419;30,074638884399999;-22,323472217799999;30.07463888444465 -22.323472217778004;390;390;363;378;513;381,5047913;353,2554321;365,0073547;497,2589722
420;420;30,074652773299999;-22,323472217799999;30.07465277333354 -22.323472217778004;387;387;358;372;506;380,7535095;351,0041504;362,0057678;494,5067139
421;421;30,074666662199999;-22,323472217799999;30.074666662222427 -22.323472217778004;385;385;355;367;502;383,5006409;352,7509460;362,5022278;497,5022278
422;422;30,074680551099998;-22,323472217799999;30.074680551111317 -22.323472217778004;390;390;359;369;508;390,7487183;358,9990540;368,4990540;507,7487183
423;423;30,074694439999998;-22,323472217799999;30.074694440000204 -22.323472217778004;396;396;363;373;516;399,7455139;368,2445679;378,4939270;522,2426147
424;424;30,074708328900002;-22,323472217799999;30.074708328889095 -22.323472217778004;399;399;368;377;522;399,4996948;368,9993591;377,9993591;523,4990234
425;425;30,074916662200000;-22,323347217799999;30.074916662222428 -22.323347217778004;378;378;341;345;506;370,2560730;331,7570496;332,7592773;490,7615051
426;426;30,074930551100000;-22,323347217799999;30.07493055111132 -22.323347217778004;380;380;343;347;512;367,2586365;330,0089722;331,0108643;490,5147095
427;427;30,074944439999999;-22,323347217799999;30.074944440000206 -22.323347217778004;377;377;343;348;514;364,5070496;330,0073547;332,5086365;492,2624817
428;428;30,074958328899999;-22,323347217799999;30.074958328889096 -22.323347217778004;373;373;342;348;514;368,5015869;337,2515869;343,2512817;504,7538452
429;429;30,074972217799999;-22,323347217799999;30.074972217777987 -22.323347217778004;378;378;350;360;528;381,9958496;354,2455139;366,7435913;531,9948730
430;430;30,074986106699999;-22,323347217799999;30.074986106666874 -22.323347217778004;391;391;366;383;554;389,7500000;364,7496948;383,4984131;549,15869
431;431;30,074999995599999;-22,323347217799999;30.074999995555764 -22.323347217778004;386;386;362;383;549;386,4987183;363,4977722;386,2464905;547,7490234
432;432;30,075013884400001;-22,323347217799999;30.07501388444465 -22.323347217778004;379;379;356;380;541;389,9913635;369,4897766;397,9865723;557,9865723
433;433;30,074916662200000;-22,323361106699998;30.074916662222428 -22.32336110666689;364;364;324;323;475;355,7551270;314,2560730;310,5076904;459,2599182
434;434;30,074930551100000;-22,323361106699998;30.07493055111132 -22.32336110666689;359;359;319;316;470;351,2544861;311,2541504;307,5044861;456,2579956
435;435;30,074944439999999;-22,323361106699998;30.074944440000206 -22.32336110666689;353;353;315;313;466;350,7509460;313,7503052;312,4996948;461,2522278
436;436;30,074958328899999;-22,323361106699998;30.074958328889096 -22.32336110666689;355;355;320;321;475;359,4967957;325,9958496;329,2445679;480,9958496
437;437;30,074972217799999;-22,323361106699998;30.074972217777987 -22.32336110666689;368;368;337;344;502;377,4942322;347,9932861;358,7407227;515,4916992
438;438;30,074986106699999;-22,323361106699998;30.074986106666874 -22.32336110666689;391;391;364;380;544;390,2493591;364,4984131;382,4971313;541,2500000
439;439;30,074999995599999;-22,323361106699998;30.074999995555764 -22.32336110666689;391;391;367;388;549;393,4971313;371,2458496;394,4939270;551,4961548
440;440;30,075013884400001;-22,323361106699998;30.07501388444465 -22.32336110666689;390;390;369;394;552;404,7394409;385,9878540;416,7340088;574,7337036
441;441;30,074916662200000;-22,323374995599998;30.074916662222428 -22.32337499555578;352;352;309;304;448;350,4993591;307,4990540;302,2487183;444,0
442;442;30,074930551100000;-22,323374995599998;30.07493055111132 -22.32337499555578;348;348;305;299;444;351,7461548;310,9948730;307,4929504;449,7442322
443;443;30,074944439999999;-22,323374995599998;30.074944440000206 -22.32337499555578;345;345;306;302;445;353,9948730;316,4939270;316,2416687;458,7423096
444;444;30,074958328899999;-22,323374995599998;30.074958328889096 -22.32337499555578;350;350;314;314;459;360,7445679;326,4935913;330,2413635;474,9920044
445;445;30,074972217799999;-22,323374995599998;30.074972217777987 -22.32337499555578;365;365;333;338;488;373,7461548;343,4948730;353,4923096;501,7439270
446;446;30,074986106699999;-22,323374995599998;30.074986106666874 -22.32337499555578;386;386;358;373;528;386,4987183;360,2477722;377,4958496;527,9984131
447;447;30,074999995599999;-22,323374995599998;30.074999995555764 -22.32337499555578;393;393;369;389;544;396,9961548;374,7448730;398,9920044;549,9942627
448;448;30,075013884400001;-22,323374995599998;30.07501388444465 -22.32337499555578;400;400;380;407;561;413,7413635;395,9897461;428,9859314;582,4862671
449;449;30,074916662200000;-22,323388884400000;30.074916662222428 -22.32338888444467;348;348;304;298;436;353,9945679;310,9939270;306,9920044;443,9923096
450;450;30,074930551100000;-22,323388884400000;30.07493055111132 -22.32338888444467;354;354;312;308;448;364,4920044;324,2407227;324,7375183;464,2375183
451;451;30,074944439999999;-22,323388884400000;30.074944440000206 -22.32338888444467;360;360;321;321;462;367,2471313;330,2458496;333,9939270;473,4955139
452;452;30,074958328899999;-22,323388884400000;30.074958328889096 -22.32338888444467;361;361;325;328;469;365,4987183;331,2477722;336,9964905;475,7484131
453;453;30,074972217799999;-22,323388884400000;30.074972217777987 -22.32338888444467;367;367;334;341;484;369,9987183;338,9977722;348,9958496;488,4984131
454;454;30,074986106699999;-22,323388884400000;30.074986106666874 -22.32338888444467;377;377;349;362;507;379,7487183;352,4980774;369,2458496;509,9987183
455;455;30,074999995599999;-22,323388884400000;30.074999995555764 -22.32338888444467;390;390;365;386;533;391,7496643;368,7484131;392,7467957;534,7500000
456;456;30,075013884400001;-22,323388884400000;30.07501388444465 -22.32338888444467;405;405;385;414;562;406,2509460;387,7503052;419,7487183;563,7518921
457;457;30,091305551100000;-22,316597217799998;30.09130555111145 -22.31659721777795;444;444;438;489;693;429,2570496;421,2579956;468,2599182;668,7615356
458;458;30,091319439999999;-22,316597217799998;30.091319440000337 -22.31659721777795;429;429;424;477;680;419,7538452;413,2547913;465,0051270;659,7595825
459;459;30,091333328899999;-22,316597217799998;30.091333328889228 -22.31659721777795;411;411;407;464;652;408,2512817;403,0019226;460,0019226;642,7551270
460;460;30,091347217799999;-22,316597217799998;30.091347217778114 -22.31659721777795;398;398;395;457;633;406,2452087;403,2452087;467,7435913;641,2451782
461;461;30,091305551100000;-22,316611106700002;30.09130555111145 -22.316611106666837;422;422;410;449;645;412,7541504;399,5047913;436,0060730;629,5070190
462;462;30,091319439999999;-22,316611106700002;30.091319440000337 -22.316611106666837;422;422;413;458;657;414,2541504;403,7547913;447,5054321;639,99487
463;463;30,091333328899999;-22,316611106700002;30.091333328889228 -22.316611106666837;417;417;409;461;650;406,7573547;398,0079956;447,7596130;629,2644043
464;464;30,091347217799999;-22,316611106700002;30.091347217778114 -22.316611106666837;407;407;401;458;636;401,5047913;395,0051270;451,2560730;623,7595825
465;465;30,091305551100000;-22,316624995600002;30.09130555111145 -22.316624995555728;398;398;380;407;593;394,5015869;376,0019226;402,0022278;587,2525635
466;466;30,091319439999999;-22,316624995600002;30.091319440000337 -22.316624995555728;409;409;395;430;623;400,7554321;385,7560730;420,0067139;605,5111694
467;467;30,091333328899999;-22,316624995600002;30.091333328889228 -22.316624995555728;409;409;398;441;626;390,2637634;377,0153503;416,2682495;592,246582
468;468;30,091347217799999;-22,316624995600002;30.091347217778114 -22.316624995555728;394;394;384;431;605;378,2605591;366,7615051;410,2640686;576,2692261
469;469;30,091305551100000;-22,316638884400000;30.09130555111145 -22.316638884444615;378;378;355;371;548;384,2484131;362,4977722;382,4958496;560,4958496
470;470;30,091319439999999;-22,316638884400000;30.091319440000337 -22.316638884444615;393;393;374;400;585;383,2589722;364,2592773;390,7595825;567,5156860
471;471;30,091333328899999;-22,316638884400000;30.091333328889228 -22.316638884444615;392;392;376;409;588;361,7717590;343,7730408;372,2765503;537,361328
472;472;30,091347217799999;-22,316638884400000;30.091347217778114 -22.316638884444615;366;366;350;384;549;344,7621460;328,2624817;359,2640686;513,7701416
473;473;30,091305551100000;-22,316652773300000;30.09130555111145 -22.316652773333505;383;383;359;375;548;383,2525635;361,2515869;382,2490234;553,2512817
474;474;30,091319439999999;-22,316652773300000;30.091319440000337 -22.316652773333505;383;383;362;384;561;366,0134277;345,5131226;368,7631226;534,211182
475;475;30,091333328899999;-22,316652773300000;30.091333328889228 -22.316652773333505;365;365;345;370;536;331,0227051;310,5233459;332,0259094;482,364685
476;476;30,091347217799999;-22,316652773300000;30.091347217778114 -22.316652773333505;324;324;304;326;475;313,7547913;295,0035095;318,7519226;459,2567139
477;477;30,092972217800000;-22,315944439999999;30.09297221777813 -22.315944440000166;354;354;347;376;546;338,7608643;329,0127869;353,0159912;517,2701416
478;478;30,092986106700000;-22,315944439999999;30.09298610666702 -22.315944440000166;339;339;331;356;523;321,0127869;310,0147095;331,0179138;489,2736816
479;479;30,092999995600000;-22,315944439999999;30.092999995555907 -22.315944440000166;326;326;317;342;502;310,5099182;298,7615051;319,0144043;471,7691956
480;480;30,092972217800000;-22,315958328899999;30.09297221777813 -22.315958328889057;342;342;331;354;517;335,7525635;323,2532043;344,0044861;503,5060730
481;481;30,092986106700000;-22,315958328899999;30.09298610666702 -22.315958328889057;320;320;307;326;483;316,7519226;303,0025635;320,2535095;473,7557678
482;482;30,092999995600000;-22,315958328899999;30.092999995555907 -22.315958328889057;299;299;285;300;449;304,2467957;289,7471313;305,7464905;453,4971313
483;483;30,092972217800000;-22,315972217799999;30.09297221777813 -22.315972217777944;347;347;334;356;516;357,2403870;344,4900818;369,2375183;529,4865723
484;484;30,092986106700000;-22,315972217799999;30.09298610666702 -22.315972217777944;334;334;321;340;498;345,2429504;332,2426453;354,7407227;511,7410278
485;485;30,092999995600000;-22,315972217799999;30.092999995555907 -22.315972217777944;314;314;299;315;465;330,9900818;316,9897461;337,7368774;489,2362366
486;486;30,066111106699999;-22,331486106700002;30.066111106666803 -22.331486106666958;374;374;343;356;452;373,4993591;340,7503357;349,2528687;445,5025635
487;487;30,066097217799999;-22,331499995600002;30.066097217777916 -22.331499995555845;357;357;327;338;427;357,4980774;325,4990540;332,5012817;422,6409
488;488;30,066111106699999;-22,331499995600002;30.066111106666803 -22.331499995555845;365;365;332;339;432;370,4958496;336,7464905;341,4977722;435,4971313
489;489;30,066083328900000;-22,331513884400000;30.066083328889025 -22.331513884444735;338;338;308;317;401;340,2490540;308,7500000;315,0019226;398,7522278
490;490;30,066097217799999;-22,331513884400000;30.066097217777916 -22.331513884444735;345;345;313;319;404;353,2439270;320,4942322;324,2455139;411,2442322
491;491;30,066111106699999;-22,331513884400000;30.066111106666803 -22.331513884444735;363;363;330;334;425;371,2445679;337,2452087;339,4964905;431,7455139
492;492;30,066124995599999;-22,331513884400000;30.066124995555693 -22.331513884444735;378;378;343;346;441;383,2452087;347,2458496;346,2480774;442,2471313
493;493;30,066097217799999;-22,331527773299999;30.066097217777916 -22.331527773333626;341;341;308;311;394;352,4926453;319,2429504;321,2435913;408,2410278
494;494;30,066111106699999;-22,331527773299999;30.066111106666803 -22.331527773333626;364;364;331;333;422;370,7464905;336,4971313;336,4987183;428,4971313
495;495;30,066124995599999;-22,331527773299999;30.066124995555693 -22.331527773333626;380;380;345;345;439;384,2471313;347,9980774;344,7500000;440,7487183
496;496;30,066138884400001;-22,331527773299999;30.06613888444458 -22.331527773333626;393;393;356;352;450;396,2467957;358,7467957;353,9971313;454,2455139
497;497;30,066152773300001;-22,331527773299999;30.06615277333347 -22.331527773333626;400;400;362;358;460;400,9984131;363,2484131;359,4980774;463,4967957
498;498;30,066111106699999;-22,331541662199999;30.066111106666803 -22.331541662222513;364;364;330;331;422;365,9996643;330,7506409;330,0019226;423,2509460
499;499;30,066124995599999;-22,331541662199999;30.066124995555693 -22.331541662222513;375;375;340;337;431;376,0000000;339,0009460;334,0025635;429,7515869
500;500;30,066138884400001;-22,331541662199999;30.06613888444458 -22.331541662222513;389;389;351;345;443;389,9987183;352,2487183;346,2484131;446,2471313
501;501;30,066152773300001;-22,331541662199999;30.06615277333347 -22.331541662222513;403;403;366;361;464;400,0012817;362,2515869;358,2509460;462,2503357
502;502;30,066124995599999;-22,331555551099999;30.066124995555693 -22.331555551111403;365;365;328;325;419;361,5019226;323,7525635;316,7547913;411,5044861
503;503;30,066138884400001;-22,331555551099999;30.06613888444458 -22.331555551111403;375;375;337;329;426;376,2490540;337,7493591;329,9993591;428,4984131
504;504;30,066152773300001;-22,331555551099999;30.06615277333347 -22.331555551111403;393;393;355;350;452;389,2519226;350,5025635;345,5022278;447,7522278
505;505;30,096874995600000;-22,336263884400001;30.09687499555594 -22.336263884444772;404;404;382;399;517;395,7557678;372,2567139;386,7583313;500,115051
506;506;30,096888884399998;-22,336263884400001;30.096888884444827 -22.336263884444772;392;392;369;386;500;387,2506409;363,2509766;378,5012817;489,7522278
507;507;30,096902773299998;-22,336263884400001;30.096902773333717 -22.336263884444772;381;381;357;373;485;387,7445679;363,9942322;381,7426453;494,2420044
508;508;30,096916662200002;-22,336263884400001;30.096916662222604 -22.336263884444772;382;382;358;376;489;394,4961548;371,4958496;393,7439270;508,7439270
509;509;30,096874995600000;-22,336277773300001;30.09687499555594 -22.336277773333663;401;401;377;389;502;386,7596130;361,5105591;370,0127869;477,166321
510;510;30,096888884399998;-22,336277773300001;30.096888884444827 -22.336277773333663;386;386;361;373;481;382,5009460;357,2509460;368,5009460;474,7519226
511;511;30,096902773299998;-22,336277773300001;30.096902773333717 -22.336277773333663;390;390;366;382;493;390,9990540;366,7493591;383,7484131;493,2493591
512;512;30,096916662200002;-22,336277773300001;30.096916662222604 -22.336277773333663;398;398;375;396;510;390,7564087;366,7570496;387,5076904;497,5105591
513;513;30,096874995600000;-22,336291662200001;30.09687499555594 -22.33629166222255;389;389;364;369;475;371,0115051;343,5131226;344,7653503;443,5198364
514;514;30,096888884399998;-22,336291662200001;30.096888884444827 -22.33629166222255;371;371;344;349;450;368,7509460;341,2512817;346,7506409;445,2522278
515;515;30,096902773299998;-22,336291662200001;30.096902773333717 -22.33629166222255;383;383;358;370;475;381,2506409;355,2509460;368,5000000;471,2509460
516;516;30,096916662200002;-22,336291662200001;30.096916662222604 -22.33629166222255;393;393;368;387;495;379,2589722;353,5096130;370,5108643;473,7640686
517;517;30,096874995600000;-22,336305551100001;30.09687499555594 -22.33630555111144;371;371;343;340;436;361,0051270;331,2560730;327,5060730;419,5083313
518;518;30,096888884399998;-22,336305551100001;30.096888884444827 -22.33630555111144;353;353;323;321;413;363,2423096;334,2413635;336,4884949;429,9868774
519;519;30,096902773299998;-22,336305551100001;30.096902773333717 -22.33630555111144;368;368;340;347;443;380,2413635;353,4907227;365,2372131;464,4852905
520;520;30,096916662200002;-22,336305551100001;30.096916662222604 -22.33630555111144;381;381;355;370;472;379,7509460;353,5009460;370,2496948;470,2509460
521;521;30,096874995600000;-22,336319440000000;30.09687499555594 -22.33631944000033;365;365;335;328;419;359,5019226;329,0019226;323,2509460;412,19226
522;522;30,096888884399998;-22,336319440000000;30.096888884444827 -22.33631944000033;355;355;324;321;410;367,4923096;338,7410278;340,4878540;432,7359314
523;523;30,096902773299998;-22,336319440000000;30.096902773333717 -22.33631944000033;377;377;350;357;454;386,4942322;359,9939270;372,2407227;470,7397461
524;524;30,096916662200002;-22,336319440000000;30.096916662222604 -22.33631944000033;395;395;369;387;489;388,0035095;362,2532043;380,7525635;480,2538452
525;525;30,103277773300000;-22,351069440000000;30.10327777333377 -22.351069440000447;392;392;373;329;687;397,2464905;378,4961548;341,2416687;686,7493896
526;526;30,103291662200000;-22,351069440000000;30.103291662222656 -22.351069440000447;415;415;396;362;706;405,0041504;385,7541504;354,5015869;682,7608643
527;527;30,103305551100000;-22,351069440000000;30.103305551111546 -22.351069440000447;400;400;379;344;664;380,5099182;357,7605591;323,5096130;628,182495
528;528;30,103319440000000;-22,351069440000000;30.103319440000433 -22.351069440000447;351;351;323;279;569;333,7589722;306,2583313;261,7579956;541,7634277
529;529;30,103277773300000;-22,351083328900000;30.10327777333377 -22.351083328889338;379;379;360;319;665;382,4971313;363,4967957;328,2429504;662,3052
530;530;30,103291662200000;-22,351083328900000;30.103291662222656 -22.351083328889338;403;403;385;355;689;401,4967957;383,7461548;357,9923096;679,2490234
531;531;30,103305551100000;-22,351083328900000;30.103305551111546 -22.351083328889338;402;402;383;357;672;396,9993591;378,2487183;354,9958496;660,2506714
532;532;30,103319440000000;-22,351083328900000;30.103319440000433 -22.351083328889338;369;369;346;314;607;368,4971313;347,2458496;318,2432861;607,2442627
533;533;30,103277773300000;-22,351097217800000;30.10327777333377 -22.351097217778225;360;360;339;298;630;375,2397766;355,2391357;322,2340088;645,7388306
534;534;30,103291662200000;-22,351097217800000;30.103291662222656 -22.351097217778225;388;388;370;341;664;404,7378540;387,7368774;366,9811096;683,4843140
535;535;30,103305551100000;-22,351097217800000;30.103305551111546 -22.351097217778225;413;413;397;379;692;418,2445679;402,4942322;388,9910278;697,2429810
536;536;30,103319440000000;-22,351097217800000;30.103319440000433 -22.351097217778225;404;404;387;370;670;405,9974365;389,2471313;373,9955139;673,2455444
537;537;30,103277773300000;-22,351111106699999;30.10327777333377 -22.351111106667116;361;361;339;302;624;385,7346497;365,7333679;338,2272949;656,7291870
538;538;30,103291662200000;-22,351111106699999;30.103291662222656 -22.351111106667116;392;392;373;348;665;416,2352905;399,7336731;384,7276001;699,4788818
539;539;30,103305551100000;-22,351111106699999;30.103305551111546 -22.351111106667116;426;426;411;400;713;432,9961548;418,7455139;411,7429504;721,9945679
540;540;30,103319440000000;-22,351111106699999;30.103319440000433 -22.351111106667116;430;430;415;407;714;425,5025635;411,0022278;403,7515869;708,2528687
541;541;30,103374995599999;-22,351152773300001;30.103374995555992 -22.35115277333378;425;425;412;405;724;421,7515869;406,5028687;395,0054321;715,5051270
542;542;30,103388884400001;-22,351152773300001;30.10338888444488 -22.35115277333378;433;433;419;410;741;427,0038452;411,5047913;397,2579956;727,2592773
543;543;30,103402773300001;-22,351152773300001;30.10340277333377 -22.35115277333378;434;434;420;406;748;416,7640686;400,0159912;379,0207825;714,268555
544;544;30,103416662200001;-22,351152773300001;30.103416662222656 -22.35115277333378;422;422;406;384;732;392,5195312;373,0217590;342,5275269;677,7858276
545;545;30,103430551100001;-22,351152773300001;30.103430551111547 -22.35115277333378;397;397;378;347;695;366,7666321;344,5185547;304,5233459;638,5310669
546;546;30,103374995599999;-22,351166662200001;30.103374995555992 -22.35116666222267;409;409;392;377;689;407,0006409;388,2515869;370,2532043;681,5041504
547;547;30,103388884400001;-22,351166662200001;30.10338888444488 -22.35116666222267;420;420;403;388;708;414,2535095;396,0041504;376,7567139;693,7592773
548;548;30,103402773300001;-22,351166662200001;30.10340277333377 -22.35116666222267;421;421;404;385;712;396,5176086;376,5198364;349,7752686;665,5335693
549;549;30,103416662200001;-22,351166662200001;30.103416662222656 -22.35116666222267;390;390;370;341;664;363,0176086;339,7695312;302,2746277;613,329590
550;550;30,103430551100001;-22,351166662200001;30.103430551111547 -22.35116666222267;361;361;338;298;620;343,7586365;318,7596130;274,0121460;587,162964
551;551;30,103374995599999;-22,351180551100001;30.103374995555992 -22.351180551111558;392;392;371;349;653;392,7496948;370,5003052;346,0019226;648,2535400
552;552;30,103388884400001;-22,351180551100001;30.10338888444488 -22.351180551111558;407;407;387;367;676;401,0038452;380,0044861;355,5070496;659,7608643
553;553;30,103402773300001;-22,351180551100001;30.10340277333377 -22.351180551111558;409;409;390;367;679;380,7679138;358,0201721;326,5252686;624,2852173
554;554;30,103416662200001;-22,351180551100001;30.103416662222656 -22.351180551111558;366;366;342;306;607;345,0127869;319,0140686;277,0179138;566,5249634
555;555;30,103430551100001;-22,351180551100001;30.103430551111547 -22.351180551111558;335;335;309;264;561;330,0032043;303,2535095;255,5051270;550,5057373
556;556;30,103374995599999;-22,351194440000000;30.103374995555992 -22.351194440000448;379;379;354;325;622;381,0000000;356,0000000;326,2506409;619,7538452
557;557;30,103388884400001;-22,351194440000000;30.10338888444488 -22.351194440000448;393;393;370;343;642;386,0051270;362,5054321;333,0070496;624,2624512
558;558;30,103402773300001;-22,351194440000000;30.10340277333377 -22.351194440000448;395;395;373;345;642;371,2612000;347,0121765;313,2647095;596,230713
559;559;30,103416662200001;-22,351194440000000;30.103416662222656 -22.351194440000448;353;353;327;288;569;344,2547913;318,0047913;276,7557678;552,2589722
560;560;30,103430551100001;-22,351194440000000;30.103430551111547 -22.351194440000448;326;326;298;250;529;326,0035095;299,0032043;251,5038300;533,2528687
